age,gender,bmi,condition
58,Male,17.1,Hypertensive
,Male,20.1,Healthy
61,Male,31.6,Healthy
19,Male,22.1,Anemic
56,Male,30.8,Anemic
,,28,Hypertensive
69,Male,35.8,Diabetic
62,Female,25.2,Diabetic
31,Female,19.1,
24,,38.1,Anemic
34,Male,35.1,Anemic
25,,18.5,Hypertensive
71,Female,31.2,Healthy
20,Male,36.2,Healthy
72,Male,38.6,Obese
35,Female,32.7,Hypertensive
,Female,,Hypertensive
62,Male,32,Diabetic
52,Male,20.7,Obese
35,Male,34,Healthy
,Male,37,Obese
35,Male,21.9,Anemic
74,,21.9,Obese
43,Female,20.1,Diabetic
33,Female,35.5,Obese
75,,25.7,Diabetic
50,Female,18.8,Healthy
73,Male,20.4,Diabetic
68,Female,31.7,Obese
42,Female,30,Anemic
73,Male,33.8,Healthy
61,,36.1,Hypertensive
25,Female,27.6,Obese
18,Female,41.3,Diabetic
50,,,Hypertensive
71,Male,20.4,
52,Male,31.8,Obese
19,,40.2,Hypertensive
33,Male,22.6,Anemic
23,,35.2,Healthy
66,Male,,Obese
53,Male,23.3,Anemic
45,Male,40.2,Diabetic
63,Female,26.7,Hypertensive
46,,19.6,
22,Female,17,Anemic
32,Male,16.7,Healthy
32,Male,39.6,Hypertensive
22,Male,23.6,Obese
31,Male,34.9,Anemic
54,,22.7,Obese
69,Female,21.4,Healthy
60,Female,25.5,Obese
47,Male,33.7,Healthy
21,Female,,Healthy
33,Male,,Obese
26,Female,21.2,Obese
33,Male,27.8,
24,Male,33.1,Anemic
71,,41.2,Diabetic
28,Female,28.9,Diabetic
73,Female,39.5,Diabetic
42,Male,41.6,Hypertensive
68,Female,23.8,Anemic
60,,20.4,Hypertensive
31,Male,31.3,
21,Female,18,Anemic
48,Male,18,Anemic
23,Male,18.2,Healthy
61,Male,26.8,Anemic
33,Male,32.3,Obese
60,Female,40.3,Diabetic
60,Female,22.6,Obese
26,Female,28.2,Healthy
18,,,Anemic
,Male,30.2,Anemic
34,Male,40.3,Healthy
74,,25.9,
46,Female,32.1,Anemic
18,Female,40.3,Healthy
,Male,23.2,
65,Male,23.4,Anemic
31,Female,21.7,Hypertensive
50,Female,22.9,Healthy
23,Female,37.6,
18,Female,36.2,Hypertensive
28,,30.6,Obese
53,Male,19.4,Diabetic
52,Male,37.8,
,Male,27.5,Healthy
37,,39.4,Healthy
75,Female,21.9,Diabetic
60,Male,25.5,Anemic
,Female,41.3,
33,Male,,Diabetic
74,Female,17.1,Hypertensive
68,Female,37,Diabetic
35,,36.6,Healthy
42,Male,38.4,Diabetic
30,Female,25.4,Diabetic
